"entity_key","canonical_name","normalized_source_tag","entity_type","parent_entity_key","recommendation_role","retrieval_utility","recommendation_eligible","safety_status","provider_comic_count","provider_prevalence","source"
"fandom_ip::偶像夢幻祭","偶像夢幻祭","偶像夢幻祭","FANDOM_IP","","CORE","HIGH_PRECISION_ANCHOR","True","OK","21","0.0035","V3_HIGH_IMPACT_ADJUDICATION"
"fandom_character::東方: 靈夢","東方: 靈夢","東方: 靈夢","FANDOM_CHARACTER","","CORE","PROFILE_ONLY","False","AGE_AMBIGUOUS_REVIEW","17","0.0028333333333333","V3_HIGH_IMPACT_ADJUDICATION"
"fandom_character::東方: 魔理沙","東方: 魔理沙","東方: 魔理沙","FANDOM_CHARACTER","","CORE","PROFILE_ONLY","False","AGE_AMBIGUOUS_REVIEW","17","0.0028333333333333","V3_HIGH_IMPACT_ADJUDICATION"
"fandom_ip::少女與戰車","少女與戰車","少女與戰車","FANDOM_IP","","CORE","HIGH_PRECISION_ANCHOR","True","OK","17","0.0028333333333333","V3_HIGH_IMPACT_ADJUDICATION"
"fandom_character::艦隊Collection: 島風","艦隊Collection: 島風","艦娘: 島風","FANDOM_CHARACTER","","CORE","PROFILE_ONLY","False","AGE_AMBIGUOUS_REVIEW","16","0.0026666666666666","V3_HIGH_IMPACT_ADJUDICATION"
"fandom_ip::絕區零","絕區零","絕區零","FANDOM_IP","","CORE","HIGH_PRECISION_ANCHOR","True","OK","16","0.0026666666666666","V3_HIGH_IMPACT_ADJUDICATION"
"fandom_ip::魔法少女小圓","魔法少女小圓","魔法少女小圓","FANDOM_IP","","CORE","HIGH_PRECISION_ANCHOR","True","OK","15","0.0025","V3_HIGH_IMPACT_ADJUDICATION"
"fandom_ip::遊戲王","遊戲王","遊戲王","FANDOM_IP","","CORE","HIGH_PRECISION_ANCHOR","True","OK","15","0.0025","V3_HIGH_IMPACT_ADJUDICATION"
"fandom_character::東方: 八雲紫","東方: 八雲紫","東方: 八雲紫","FANDOM_CHARACTER","","CORE","PROFILE_ONLY","False","AGE_AMBIGUOUS_REVIEW","14","0.0023333333333333","V3_HIGH_IMPACT_ADJUDICATION"
"fandom_ip::排球少年!!","排球少年!!","排球少年!!","FANDOM_IP","","CORE","HIGH_PRECISION_ANCHOR","True","OK","14","0.0023333333333333","V3_HIGH_IMPACT_ADJUDICATION"
"fandom_ip::銀魂","銀魂","銀魂","FANDOM_IP","","CORE","HIGH_PRECISION_ANCHOR","True","OK","14","0.0023333333333333","V3_HIGH_IMPACT_ADJUDICATION"
"fandom_character::東方: 愛麗絲","東方: 愛麗絲","東方: 愛麗絲","FANDOM_CHARACTER","","CORE","PROFILE_ONLY","False","AGE_AMBIGUOUS_REVIEW","13","0.0021666666666666","V3_HIGH_IMPACT_ADJUDICATION"
"fandom_character::艦隊Collection: 鹿島","艦隊Collection: 鹿島","艦娘: 鹿島","FANDOM_CHARACTER","","CORE","PROFILE_ONLY","False","AGE_AMBIGUOUS_REVIEW","13","0.0021666666666666","V3_HIGH_IMPACT_ADJUDICATION"
"fandom_ip::魔法少女奈葉","魔法少女奈葉","魔法少女奈葉","FANDOM_IP","","CORE","HIGH_PRECISION_ANCHOR","True","OK","13","0.0021666666666666","V3_HIGH_IMPACT_ADJUDICATION"
"fandom_ip::JOJO的奇妙冒險","JOJO的奇妙冒險","jojo的奇妙冒險","FANDOM_IP","","CORE","HIGH_PRECISION_ANCHOR","True","OK","13","0.0021666666666666","V3_HIGH_IMPACT_ADJUDICATION"
"fandom_character::東方: 蕾咪莉亞","東方: 蕾咪莉亞","東方: 蕾咪莉亞","FANDOM_CHARACTER","","CORE","PROFILE_ONLY","False","AGE_AMBIGUOUS_REVIEW","12","0.002","V3_HIGH_IMPACT_ADJUDICATION"
"fandom_character::艦隊Collection: 響","艦隊Collection: 響","艦娘: 響","FANDOM_CHARACTER","","CORE","PROFILE_ONLY","False","AGE_AMBIGUOUS_REVIEW","12","0.002","V3_HIGH_IMPACT_ADJUDICATION"
"fandom_character::艦隊Collection: 浜風","艦隊Collection: 浜風","艦娘: 浜風","FANDOM_CHARACTER","","CORE","PROFILE_ONLY","False","AGE_AMBIGUOUS_REVIEW","11","0.0018333333333333","V3_HIGH_IMPACT_ADJUDICATION"
"fandom_ip::物語系列","物語系列","物語系列","FANDOM_IP","","CORE","HIGH_PRECISION_ANCHOR","True","OK","11","0.0018333333333333","V3_HIGH_IMPACT_ADJUDICATION"
"fandom_character::銀魂: 銀時","銀魂: 銀時","銀魂: 銀時","FANDOM_CHARACTER","","CORE","PROFILE_ONLY","False","AGE_AMBIGUOUS_REVIEW","11","0.0018333333333333","V3_HIGH_IMPACT_ADJUDICATION"
"fandom_character::原神:刻晴","原神:刻晴","原神:刻晴","FANDOM_CHARACTER","","CORE","PROFILE_ONLY","False","AGE_AMBIGUOUS_REVIEW","11","0.0018333333333333","V3_HIGH_IMPACT_ADJUDICATION"
"fandom_ip::對魔忍","對魔忍","對魔忍","FANDOM_IP","","CORE","HIGH_PRECISION_ANCHOR","True","OK","10","0.0016666666666666","V3_HIGH_IMPACT_ADJUDICATION"
"fandom_character::艦隊Collection: 鈴谷","艦隊Collection: 鈴谷","艦娘: 鈴谷","FANDOM_CHARACTER","","CORE","PROFILE_ONLY","False","AGE_AMBIGUOUS_REVIEW","10","0.0016666666666666","V3_HIGH_IMPACT_ADJUDICATION"
"fandom_ip::美少女戰士","美少女戰士","美少女戰士","FANDOM_IP","","CORE","HIGH_PRECISION_ANCHOR","True","OK","10","0.0016666666666666","V3_HIGH_IMPACT_ADJUDICATION"
"fandom_ip::魔法禁書目錄","魔法禁書目錄","魔法禁書目錄","FANDOM_IP","","CORE","HIGH_PRECISION_ANCHOR","True","OK","10","0.0016666666666666","V3_HIGH_IMPACT_ADJUDICATION"
"fandom_character::排球少年!!: 山口忠","排球少年!!: 山口忠","排球少年!!: 山口忠","FANDOM_CHARACTER","","CORE","PROFILE_ONLY","False","AGE_AMBIGUOUS_REVIEW","10","0.0016666666666666","V3_HIGH_IMPACT_ADJUDICATION"
"fandom_character::排球少年!!: 月島螢","排球少年!!: 月島螢","排球少年!!: 月島螢","FANDOM_CHARACTER","","CORE","PROFILE_ONLY","False","AGE_AMBIGUOUS_REVIEW","10","0.0016666666666666","V3_HIGH_IMPACT_ADJUDICATION"
"fandom_ip::為美好的世界獻上祝福！","為美好的世界獻上祝福！","為美好的世界獻上祝福!","FANDOM_IP","","CORE","HIGH_PRECISION_ANCHOR","True","OK","10","0.0016666666666666","V3_HIGH_IMPACT_ADJUDICATION"
"fandom_character::東方: 紅美鈴","東方: 紅美鈴","東方: 紅美鈴","FANDOM_CHARACTER","","CORE","PROFILE_ONLY","False","AGE_AMBIGUOUS_REVIEW","9","0.0015","V3_HIGH_IMPACT_ADJUDICATION"
"fandom_character::東方: 帕秋莉","東方: 帕秋莉","東方: 帕秋莉","FANDOM_CHARACTER","","CORE","PROFILE_ONLY","False","AGE_AMBIGUOUS_REVIEW","9","0.0015","V3_HIGH_IMPACT_ADJUDICATION"
"fandom_ip::藍色監獄","藍色監獄","藍色監獄","FANDOM_IP","","CORE","HIGH_PRECISION_ANCHOR","True","OK","9","0.0015","V3_HIGH_IMPACT_ADJUDICATION"
"fandom_character::魔法少女奈葉: 奈葉","魔法少女奈葉: 奈葉","魔法少女奈葉: 奈葉","FANDOM_CHARACTER","","CORE","PROFILE_ONLY","False","AGE_AMBIGUOUS_REVIEW","9","0.0015","V3_HIGH_IMPACT_ADJUDICATION"
"fandom_character::情色漫畫老師: 和泉紗霧","情色漫畫老師: 和泉紗霧","情色漫畫老師: 和泉紗霧","FANDOM_CHARACTER","","CORE","PROFILE_ONLY","False","AGE_AMBIGUOUS_REVIEW","9","0.0015","V3_HIGH_IMPACT_ADJUDICATION"
"fandom_character::物語系列: 忍野忍","物語系列: 忍野忍","物語系列: 忍野忍","FANDOM_CHARACTER","","CORE","PROFILE_ONLY","False","AGE_AMBIGUOUS_REVIEW","9","0.0015","V3_HIGH_IMPACT_ADJUDICATION"
"fandom_character::東方: 古明地戀","東方: 古明地戀","東方: 古明地戀","FANDOM_CHARACTER","","CORE","PROFILE_ONLY","False","AGE_AMBIGUOUS_REVIEW","8","0.0013333333333333","V3_HIGH_IMPACT_ADJUDICATION"
"fandom_character::東方: 幽幽子","東方: 幽幽子","東方: 幽幽子","FANDOM_CHARACTER","","CORE","PROFILE_ONLY","False","AGE_AMBIGUOUS_REVIEW","8","0.0013333333333333","V3_HIGH_IMPACT_ADJUDICATION"
"fandom_character::海賊王: 娜美","海賊王: 娜美","海賊王: 娜美","FANDOM_CHARACTER","","CORE","PROFILE_ONLY","False","AGE_AMBIGUOUS_REVIEW","8","0.0013333333333333","V3_HIGH_IMPACT_ADJUDICATION"
"fandom_character::艦隊Collection: 加賀","艦隊Collection: 加賀","艦娘: 加賀","FANDOM_CHARACTER","","CORE","PROFILE_ONLY","False","AGE_AMBIGUOUS_REVIEW","8","0.0013333333333333","V3_HIGH_IMPACT_ADJUDICATION"
"fandom_ip::科學超電磁砲","科學超電磁砲","科學超電磁砲","FANDOM_IP","","CORE","HIGH_PRECISION_ANCHOR","True","OK","8","0.0013333333333333","V3_HIGH_IMPACT_ADJUDICATION"
"fandom_character::魔法少女奈葉: 菲特","魔法少女奈葉: 菲特","魔法少女奈葉: 菲特","FANDOM_CHARACTER","","CORE","PROFILE_ONLY","False","AGE_AMBIGUOUS_REVIEW","8","0.0013333333333333","V3_HIGH_IMPACT_ADJUDICATION"
"fandom_character::魔法禁書目錄: 茵蒂克絲","魔法禁書目錄: 茵蒂克絲","魔禁: 茵蒂克絲","FANDOM_CHARACTER","","CORE","PROFILE_ONLY","False","AGE_AMBIGUOUS_REVIEW","8","0.0013333333333333","V3_HIGH_IMPACT_ADJUDICATION"
"fandom_character::偶像大師灰姑娘: 城崎美嘉","偶像大師灰姑娘: 城崎美嘉","偶像大師灰姑娘: 城崎美嘉","FANDOM_CHARACTER","","CORE","PROFILE_ONLY","False","AGE_AMBIGUOUS_REVIEW","8","0.0013333333333333","V3_HIGH_IMPACT_ADJUDICATION"
"fandom_character::原神: 納西妲","原神: 納西妲","原神: 納西妲","FANDOM_CHARACTER","","CORE","PROFILE_ONLY","False","AGE_AMBIGUOUS_REVIEW","8","0.0013333333333333","V3_HIGH_IMPACT_ADJUDICATION"
"fandom_character::原神: 妮露","原神: 妮露","原神: 妮露","FANDOM_CHARACTER","","CORE","PROFILE_ONLY","False","AGE_AMBIGUOUS_REVIEW","8","0.0013333333333333","V3_HIGH_IMPACT_ADJUDICATION"
"fandom_character::新世紀福音戰士: 明日香","新世紀福音戰士: 明日香","eva: 明日香","FANDOM_CHARACTER","","CORE","PROFILE_ONLY","False","AGE_AMBIGUOUS_REVIEW","8","0.0013333333333333","V3_HIGH_IMPACT_ADJUDICATION"
"fandom_ip::彩虹小馬","彩虹小馬","彩虹小马","FANDOM_IP","","CORE","HIGH_PRECISION_ANCHOR","True","OK","7","0.0011666666666666","V3_HIGH_IMPACT_ADJUDICATION"
"fandom_character::東方: 河城荷取","東方: 河城荷取","東方: 河城荷取","FANDOM_CHARACTER","","CORE","PROFILE_ONLY","False","AGE_AMBIGUOUS_REVIEW","7","0.0011666666666666","V3_HIGH_IMPACT_ADJUDICATION"
"fandom_character::東方: 射命丸文","東方: 射命丸文","東方: 射命丸文","FANDOM_CHARACTER","","CORE","PROFILE_ONLY","False","AGE_AMBIGUOUS_REVIEW","7","0.0011666666666666","V3_HIGH_IMPACT_ADJUDICATION"
"fandom_character::東方: 妖夢","東方: 妖夢","東方: 妖夢","FANDOM_CHARACTER","","CORE","PROFILE_ONLY","False","AGE_AMBIGUOUS_REVIEW","7","0.0011666666666666","V3_HIGH_IMPACT_ADJUDICATION"
"fandom_character::艦隊Collection: 天津風","艦隊Collection: 天津風","艦娘: 天津風","FANDOM_CHARACTER","","CORE","PROFILE_ONLY","False","AGE_AMBIGUOUS_REVIEW","7","0.0011666666666666","V3_HIGH_IMPACT_ADJUDICATION"
"fandom_ip::請問您今天要來點兔子嗎？","請問您今天要來點兔子嗎？","請問您今天要來點兔子嗎?","FANDOM_IP","","CORE","HIGH_PRECISION_ANCHOR","True","OK","7","0.0011666666666666","V3_HIGH_IMPACT_ADJUDICATION"
"fandom_ip::新世紀福音戰士","新世紀福音戰士","新世紀福音戰士","FANDOM_IP","","CORE","HIGH_PRECISION_ANCHOR","True","OK","7","0.0011666666666666","V3_HIGH_IMPACT_ADJUDICATION"
"fandom_ip::勇者鬥惡龍","勇者鬥惡龍","勇者鬥惡龍","FANDOM_IP","","CORE","HIGH_PRECISION_ANCHOR","True","OK","7","0.0011666666666666","V3_HIGH_IMPACT_ADJUDICATION"
"fandom_character::原神:迪盧克","原神:迪盧克","原神:迪盧克","FANDOM_CHARACTER","","CORE","PROFILE_ONLY","False","AGE_AMBIGUOUS_REVIEW","7","0.0011666666666666","V3_HIGH_IMPACT_ADJUDICATION"
"fandom_character::原神:菲謝爾","原神:菲謝爾","原神:菲謝爾","FANDOM_CHARACTER","","CORE","PROFILE_ONLY","False","AGE_AMBIGUOUS_REVIEW","7","0.0011666666666666","V3_HIGH_IMPACT_ADJUDICATION"
"fandom_character::FATE: 伊莉雅","FATE: 伊莉雅","fate: 伊莉雅","FANDOM_CHARACTER","","CORE","PROFILE_ONLY","False","AGE_AMBIGUOUS_REVIEW","7","0.0011666666666666","V3_HIGH_IMPACT_ADJUDICATION"
"fandom_character::LOVELIVE: 妮可","LOVELIVE: 妮可","lovelive: 妮可","FANDOM_CHARACTER","","CORE","PROFILE_ONLY","False","AGE_AMBIGUOUS_REVIEW","7","0.0011666666666666","V3_HIGH_IMPACT_ADJUDICATION"
"fandom_ip::To LOVEる","To LOVEる","to love","FANDOM_IP","","CORE","HIGH_PRECISION_ANCHOR","True","OK","7","0.0011666666666666","V3_HIGH_IMPACT_ADJUDICATION"
"fandom_ip::超級瑪利歐","超級瑪利歐","超級瑪利歐","FANDOM_IP","","CORE","HIGH_PRECISION_ANCHOR","True","OK","6","0.001","V3_HIGH_IMPACT_ADJUDICATION"
"fandom_character::東方: 古明地覺","東方: 古明地覺","東方: 古明地覺","FANDOM_CHARACTER","","CORE","PROFILE_ONLY","False","AGE_AMBIGUOUS_REVIEW","6","0.001","V3_HIGH_IMPACT_ADJUDICATION"
"fandom_character::東方: 蓬萊山輝夜","東方: 蓬萊山輝夜","東方:蓬莱山輝夜","FANDOM_CHARACTER","","CORE","PROFILE_ONLY","False","AGE_AMBIGUOUS_REVIEW","6","0.001","V3_HIGH_IMPACT_ADJUDICATION"
"fandom_character::艦隊Collection: 深海","艦隊Collection: 深海","艦娘: 深海","FANDOM_CHARACTER","","CORE","PROFILE_ONLY","False","AGE_AMBIGUOUS_REVIEW","6","0.001","V3_HIGH_IMPACT_ADJUDICATION"
"fandom_character::艦隊Collection: 曉","艦隊Collection: 曉","艦娘: 曉","FANDOM_CHARACTER","","CORE","PROFILE_ONLY","False","AGE_AMBIGUOUS_REVIEW","6","0.001","V3_HIGH_IMPACT_ADJUDICATION"
"fandom_character::艦隊Collection: 榛名","艦隊Collection: 榛名","艦娘: 榛名","FANDOM_CHARACTER","","CORE","PROFILE_ONLY","False","AGE_AMBIGUOUS_REVIEW","6","0.001","V3_HIGH_IMPACT_ADJUDICATION"
"fandom_character::魔法禁書目錄: 上条當麻","魔法禁書目錄: 上条當麻","魔禁: 上条當麻","FANDOM_CHARACTER","","CORE","PROFILE_ONLY","False","AGE_AMBIGUOUS_REVIEW","6","0.001","V3_HIGH_IMPACT_ADJUDICATION"
"fandom_ip::七龍珠","七龍珠","七龍珠","FANDOM_IP","","CORE","HIGH_PRECISION_ANCHOR","True","OK","6","0.001","V3_HIGH_IMPACT_ADJUDICATION"
"fandom_ip::我的妹妹哪有這麼可愛","我的妹妹哪有這麼可愛","我的妹妹哪有這麼可愛","FANDOM_IP","","CORE","HIGH_PRECISION_ANCHOR","True","OK","6","0.001","V3_HIGH_IMPACT_ADJUDICATION"
"fandom_character::銀魂: 新八","銀魂: 新八","銀魂: 新八","FANDOM_CHARACTER","","CORE","PROFILE_ONLY","False","AGE_AMBIGUOUS_REVIEW","6","0.001","V3_HIGH_IMPACT_ADJUDICATION"
"fandom_character::原神:凱亞","原神:凱亞","原神:凱亞","FANDOM_CHARACTER","","CORE","PROFILE_ONLY","False","AGE_AMBIGUOUS_REVIEW","6","0.001","V3_HIGH_IMPACT_ADJUDICATION"
"fandom_character::新世紀福音戰士: 碇真嗣","新世紀福音戰士: 碇真嗣","eva: 碇真嗣","FANDOM_CHARACTER","","CORE","PROFILE_ONLY","False","AGE_AMBIGUOUS_REVIEW","6","0.001","V3_HIGH_IMPACT_ADJUDICATION"
"fandom_character::JOJO的奇妙冒險: 花京院典明","JOJO的奇妙冒險: 花京院典明","jojo: 花京院典明","FANDOM_CHARACTER","","CORE","PROFILE_ONLY","False","AGE_AMBIGUOUS_REVIEW","6","0.001","V3_HIGH_IMPACT_ADJUDICATION"
"fandom_character::JOJO的奇妙冒險: 空條承太郎","JOJO的奇妙冒險: 空條承太郎","jojo: 空條承太郎","FANDOM_CHARACTER","","CORE","PROFILE_ONLY","False","AGE_AMBIGUOUS_REVIEW","6","0.001","V3_HIGH_IMPACT_ADJUDICATION"
"fandom_character::碧藍航線: 獨角獸","碧藍航線: 獨角獸","碧藍航線: 獨角獸","FANDOM_CHARACTER","","CORE","PROFILE_ONLY","False","AGE_AMBIGUOUS_REVIEW","5","0.0008333333333333","V3_HIGH_IMPACT_ADJUDICATION"
"fandom_character::東方: 鍵山雛","東方: 鍵山雛","東方: 鍵山 雛","FANDOM_CHARACTER","","CORE","PROFILE_ONLY","False","AGE_AMBIGUOUS_REVIEW","5","0.0008333333333333","V3_HIGH_IMPACT_ADJUDICATION"
"fandom_character::東方: 犬走椛","東方: 犬走椛","東方: 犬走椛","FANDOM_CHARACTER","","CORE","PROFILE_ONLY","False","AGE_AMBIGUOUS_REVIEW","5","0.0008333333333333","V3_HIGH_IMPACT_ADJUDICATION"
"fandom_character::艦隊Collection: 時津風","艦隊Collection: 時津風","艦娘: 時津風","FANDOM_CHARACTER","","CORE","PROFILE_ONLY","False","AGE_AMBIGUOUS_REVIEW","5","0.0008333333333333","V3_HIGH_IMPACT_ADJUDICATION"
"fandom_character::魔法少女小圓: 巴麻美","魔法少女小圓: 巴麻美","魔法少女小圓: 巴麻美","FANDOM_CHARACTER","","CORE","PROFILE_ONLY","False","AGE_AMBIGUOUS_REVIEW","5","0.0008333333333333","V3_HIGH_IMPACT_ADJUDICATION"
"fandom_character::魔法少女小圓: 曉美焰","魔法少女小圓: 曉美焰","魔法少女小圓: 曉美焰","FANDOM_CHARACTER","","CORE","PROFILE_ONLY","False","AGE_AMBIGUOUS_REVIEW","5","0.0008333333333333","V3_HIGH_IMPACT_ADJUDICATION"
"fandom_character::魔法少女小圓: 佐倉杏子","魔法少女小圓: 佐倉杏子","魔法少女小圓: 佐倉杏子","FANDOM_CHARACTER","","CORE","PROFILE_ONLY","False","AGE_AMBIGUOUS_REVIEW","5","0.0008333333333333","V3_HIGH_IMPACT_ADJUDICATION"
"fandom_ip::尼爾自動人形","尼爾自動人形","尼爾自動人形","FANDOM_IP","","CORE","HIGH_PRECISION_ANCHOR","True","OK","5","0.0008333333333333","V3_HIGH_IMPACT_ADJUDICATION"
"fandom_character::偶像大師灰姑娘: 島村卯月","偶像大師灰姑娘: 島村卯月","偶像大師灰姑娘: 島村卯月","FANDOM_CHARACTER","","CORE","PROFILE_ONLY","False","AGE_AMBIGUOUS_REVIEW","5","0.0008333333333333","V3_HIGH_IMPACT_ADJUDICATION"
"fandom_character::偶像大師灰姑娘: 高垣楓","偶像大師灰姑娘: 高垣楓","偶像大師灰姑娘: 高垣楓","FANDOM_CHARACTER","","CORE","PROFILE_ONLY","False","AGE_AMBIGUOUS_REVIEW","5","0.0008333333333333","V3_HIGH_IMPACT_ADJUDICATION"
"fandom_ip::拳皇KOF","拳皇KOF","拳皇kof","FANDOM_IP","","CORE","HIGH_PRECISION_ANCHOR","True","OK","5","0.0008333333333333","V3_HIGH_IMPACT_ADJUDICATION"
"fandom_character::原神:珊瑚宮心海","原神:珊瑚宮心海","原神:珊瑚宮心海","FANDOM_CHARACTER","","CORE","PROFILE_ONLY","False","AGE_AMBIGUOUS_REVIEW","5","0.0008333333333333","V3_HIGH_IMPACT_ADJUDICATION"
"fandom_character::LOVELIVE: 真姬","LOVELIVE: 真姬","lovelive: 真姬","FANDOM_CHARACTER","","CORE","PROFILE_ONLY","False","AGE_AMBIGUOUS_REVIEW","5","0.0008333333333333","V3_HIGH_IMPACT_ADJUDICATION"
"fandom_character::FATE: 紅A","FATE: 紅A","fate: 紅a","FANDOM_CHARACTER","","CORE","PROFILE_ONLY","False","AGE_AMBIGUOUS_REVIEW","4","0.0006666666666666666","V3_TIER2_ADJUDICATION"
"fandom_character::科學超電磁砲: 御坂美琴","科學超電磁砲: 御坂美琴","超砲: 御坂美琴","FANDOM_CHARACTER","","CORE","PROFILE_ONLY","False","AGE_AMBIGUOUS_REVIEW","3","0.0005","V3_TIER2_ADJUDICATION"
"fandom_character::To LOVEる: 美柑","To LOVEる: 美柑","to love: 美柑","FANDOM_CHARACTER","","CORE","PROFILE_ONLY","False","AGE_AMBIGUOUS_REVIEW","3","0.0005","V3_TIER2_ADJUDICATION"
"fandom_character::科學超電磁砲: 佐天淚子","科學超電磁砲: 佐天淚子","超砲: 佐天淚子","FANDOM_CHARACTER","","CORE","PROFILE_ONLY","False","AGE_AMBIGUOUS_REVIEW","3","0.0005","V3_TIER2_ADJUDICATION"
"fandom_character::原神: 阿蕾奇諾","原神: 阿蕾奇諾","原神: 阿蕾奇諾","FANDOM_CHARACTER","","CORE","PROFILE_ONLY","False","AGE_AMBIGUOUS_REVIEW","4","0.0006666666666666666","V3_TIER2_ADJUDICATION"
"fandom_character::原神: 琳妮特","原神: 琳妮特","原神: 琳妮特","FANDOM_CHARACTER","","CORE","PROFILE_ONLY","False","AGE_AMBIGUOUS_REVIEW","3","0.0005","V3_TIER2_ADJUDICATION"
"fandom_character::艦隊Collection: 愛宕","艦隊Collection: 愛宕","艦娘: 愛宕","FANDOM_CHARACTER","","CORE","PROFILE_ONLY","False","AGE_AMBIGUOUS_REVIEW","3","0.0005","V3_TIER2_ADJUDICATION"
"fandom_character::原神: 魈","原神: 魈","原神:魈","FANDOM_CHARACTER","","CORE","PROFILE_ONLY","False","AGE_AMBIGUOUS_REVIEW","3","0.0005","V3_TIER2_ADJUDICATION"
"fandom_character::東方: 風見幽香","東方: 風見幽香","東方: 風見幽香","FANDOM_CHARACTER","","CORE","PROFILE_ONLY","False","AGE_AMBIGUOUS_REVIEW","4","0.0006666666666666666","V3_TIER2_ADJUDICATION"
"fandom_ip::咒術回戰","咒術回戰","咒術回戰","FANDOM_IP","","CORE","PROFILE_ONLY","False","AGE_AMBIGUOUS_REVIEW","3","0.0005","V3_TIER2_ADJUDICATION"
"fandom_character::東方: 小惡魔","東方: 小惡魔","東方: 小惡魔","FANDOM_CHARACTER","","CORE","PROFILE_ONLY","False","AGE_AMBIGUOUS_REVIEW","4","0.0006666666666666666","V3_TIER2_ADJUDICATION"
"fandom_character::魔法少女☆伊莉雅: 美遊","魔法少女☆伊莉雅: 美遊","魔法少女☆伊莉雅: 美遊","FANDOM_CHARACTER","","CORE","PROFILE_ONLY","False","AGE_AMBIGUOUS_REVIEW","4","0.0006666666666666666","V3_TIER2_ADJUDICATION"
"fandom_character::東方: 聖白蓮","東方: 聖白蓮","東方: 聖白蓮","FANDOM_CHARACTER","","CORE","PROFILE_ONLY","False","AGE_AMBIGUOUS_REVIEW","3","0.0005","V3_TIER2_ADJUDICATION"
"fandom_ip::庫洛魔法使","庫洛魔法使","庫洛魔法使","FANDOM_IP","","CORE","PROFILE_ONLY","False","AGE_AMBIGUOUS_REVIEW","4","0.0006666666666666666","V3_TIER2_ADJUDICATION"
"fandom_character::東方: 藤原妹紅","東方: 藤原妹紅","東方:藤原妹紅","FANDOM_CHARACTER","","CORE","PROFILE_ONLY","False","AGE_AMBIGUOUS_REVIEW","4","0.0006666666666666666","V3_TIER2_ADJUDICATION"
"fandom_character::原神: 可莉","原神: 可莉","原神:可莉","FANDOM_CHARACTER","","CORE","PROFILE_ONLY","False","AGE_AMBIGUOUS_REVIEW","3","0.0005","V3_TIER2_ADJUDICATION"
"fandom_character::東方: 影狼","東方: 影狼","東方: 影狼","FANDOM_CHARACTER","","CORE","PROFILE_ONLY","False","AGE_AMBIGUOUS_REVIEW","3","0.0005","V3_TIER2_ADJUDICATION"
"fandom_character::原神: 茜特菈莉","原神: 茜特菈莉","原神: 茜特菈莉","FANDOM_CHARACTER","","CORE","PROFILE_ONLY","False","AGE_AMBIGUOUS_REVIEW","3","0.0005","V3_TIER2_ADJUDICATION"
"fandom_character::原神: 麗莎","原神: 麗莎","原神:麗莎","FANDOM_CHARACTER","","CORE","PROFILE_ONLY","False","AGE_AMBIGUOUS_REVIEW","3","0.0005","V3_TIER2_ADJUDICATION"
"fandom_character::碧藍航線: 光輝","碧藍航線: 光輝","碧藍航線: 光輝","FANDOM_CHARACTER","","CORE","PROFILE_ONLY","False","AGE_AMBIGUOUS_REVIEW","3","0.0005","V3_TIER2_ADJUDICATION"
"fandom_ip::Project SEKAI","Project SEKAI","project sekai","FANDOM_IP","","CORE","PROFILE_ONLY","False","AGE_AMBIGUOUS_REVIEW","4","0.0006666666666666666","V3_TIER2_ADJUDICATION"
"fandom_character::Project SEKAI: 東雲彰人","Project SEKAI: 東雲彰人","プロセカ: 東雲彰人","FANDOM_CHARACTER","","CORE","PROFILE_ONLY","False","AGE_AMBIGUOUS_REVIEW","4","0.0006666666666666666","V3_TIER2_ADJUDICATION"
"fandom_character::Project SEKAI: 青柳冬彌","Project SEKAI: 青柳冬彌","プロセカ: 青柳冬彌","FANDOM_CHARACTER","","CORE","PROFILE_ONLY","False","AGE_AMBIGUOUS_REVIEW","4","0.0006666666666666666","V3_TIER2_ADJUDICATION"
"fandom_character::To LOVEる: 古手川唯","To LOVEる: 古手川唯","to love: 古手川","FANDOM_CHARACTER","","CORE","PROFILE_ONLY","False","AGE_AMBIGUOUS_REVIEW","4","0.0006666666666666666","V3_TIER2_ADJUDICATION"
"fandom_character::To LOVEる: 茉茉","To LOVEる: 茉茉","to love: 茉茉","FANDOM_CHARACTER","","CORE","PROFILE_ONLY","False","AGE_AMBIGUOUS_REVIEW","3","0.0005","V3_TIER2_ADJUDICATION"
"fandom_ip::偶像大師U149","偶像大師U149","偶像大師u149","FANDOM_IP","","CORE","PROFILE_ONLY","False","AGE_AMBIGUOUS_REVIEW","4","0.0006666666666666666","V3_TIER2_ADJUDICATION"
"fandom_character::原神: 班尼特","原神: 班尼特","原神:班尼特","FANDOM_CHARACTER","","CORE","PROFILE_ONLY","False","AGE_AMBIGUOUS_REVIEW","3","0.0005","V3_TIER2_ADJUDICATION"
"fandom_character::原神: 賽諾","原神: 賽諾","原神: 賽諾","FANDOM_CHARACTER","","CORE","PROFILE_ONLY","False","AGE_AMBIGUOUS_REVIEW","4","0.0006666666666666666","V3_TIER2_ADJUDICATION"
"fandom_ip::薩爾達傳說","薩爾達傳說","薩爾達傳說","FANDOM_IP","","CORE","HIGH_PRECISION_ANCHOR","True","OK","3","0.0005","V3_TIER2_ADJUDICATION"
"fandom_character::銀魂: 神樂","銀魂: 神樂","銀魂: 神樂","FANDOM_CHARACTER","","CORE","PROFILE_ONLY","False","AGE_AMBIGUOUS_REVIEW","4","0.0006666666666666666","V3_TIER2_ADJUDICATION"
"fandom_character::東方: 鬼人正邪","東方: 鬼人正邪","東方: 鬼人正邪","FANDOM_CHARACTER","","CORE","PROFILE_ONLY","False","AGE_AMBIGUOUS_REVIEW","3","0.0005","V3_TIER2_ADJUDICATION"
"fandom_character::Re:從零開始的異世界生活: 拉姆","Re:從零開始的異世界生活: 拉姆","re: 拉姆","FANDOM_CHARACTER","","CORE","PROFILE_ONLY","False","AGE_AMBIGUOUS_REVIEW","4","0.0006666666666666666","V3_TIER2_ADJUDICATION"
"fandom_character::原神: 達達利亞","原神: 達達利亞","原神:達達利亞","FANDOM_CHARACTER","","CORE","PROFILE_ONLY","False","AGE_AMBIGUOUS_REVIEW","4","0.0006666666666666666","V3_TIER2_ADJUDICATION"
"fandom_character::原神: 久岐忍","原神: 久岐忍","原神: 久岐忍","FANDOM_CHARACTER","","CORE","PROFILE_ONLY","False","AGE_AMBIGUOUS_REVIEW","3","0.0005","V3_TIER2_ADJUDICATION"
"fandom_character::艦隊Collection: 大井","艦隊Collection: 大井","艦娘: 大井","FANDOM_CHARACTER","","CORE","PROFILE_ONLY","False","AGE_AMBIGUOUS_REVIEW","3","0.0005","V3_TIER2_ADJUDICATION"
"fandom_ip::數碼寶貝","數碼寶貝","數碼寶貝","FANDOM_IP","","CORE","PROFILE_ONLY","False","AGE_AMBIGUOUS_REVIEW","3","0.0005","V3_TIER2_ADJUDICATION"
"fandom_ip::小林家的龍女僕","小林家的龍女僕","小林家的龍女僕","FANDOM_IP","","CORE","PROFILE_ONLY","False","AGE_AMBIGUOUS_REVIEW","4","0.0006666666666666666","V3_TIER2_ADJUDICATION"
"fandom_ip::刀劍亂舞","刀劍亂舞","刀劍亂舞","FANDOM_IP","","CORE","HIGH_PRECISION_ANCHOR","True","OK","3","0.0005","V3_TIER2_ADJUDICATION"
"fandom_character::艦隊Collection: 呂500","艦隊Collection: 呂500","艦娘: 吕500","FANDOM_CHARACTER","","CORE","PROFILE_ONLY","False","AGE_AMBIGUOUS_REVIEW","3","0.0005","V3_TIER2_ADJUDICATION"
"fandom_character::新世紀福音戰士: 綾波零","新世紀福音戰士: 綾波零","eva: 綾波零","FANDOM_CHARACTER","","CORE","PROFILE_ONLY","False","AGE_AMBIGUOUS_REVIEW","3","0.0005","V3_TIER2_ADJUDICATION"
"fandom_character::原神: 羅莎莉亞","原神: 羅莎莉亞","原神:羅莎莉亞","FANDOM_CHARACTER","","CORE","PROFILE_ONLY","False","AGE_AMBIGUOUS_REVIEW","4","0.0006666666666666666","V3_TIER2_ADJUDICATION"
"fandom_character::尼爾自動人形: 9S","尼爾自動人形: 9S","尼爾自動人形: 9s","FANDOM_CHARACTER","","CORE","PROFILE_ONLY","False","AGE_AMBIGUOUS_REVIEW","3","0.0005","V3_TIER2_ADJUDICATION"
"fandom_character::艦隊Collection: 雷","艦隊Collection: 雷","艦娘: 雷","FANDOM_CHARACTER","","CORE","PROFILE_ONLY","False","AGE_AMBIGUOUS_REVIEW","3","0.0005","V3_TIER2_ADJUDICATION"
"fandom_ip::涼宮春日系列","涼宮春日系列","涼宮春日系列","FANDOM_IP","","CORE","PROFILE_ONLY","False","AGE_AMBIGUOUS_REVIEW","4","0.0006666666666666666","V3_TIER2_ADJUDICATION"
"fandom_character::偶像大師灰姑娘: 神崎蘭子","偶像大師灰姑娘: 神崎蘭子","偶像大師灰姑娘: 神崎蘭子","FANDOM_CHARACTER","","CORE","PROFILE_ONLY","False","AGE_AMBIGUOUS_REVIEW","3","0.0005","V3_TIER2_ADJUDICATION"
"fandom_character::Fate / Grand Order: 靜謐之哈桑","Fate / Grand Order: 靜謐之哈桑","fgo: 靜謐之哈桑","FANDOM_CHARACTER","","CORE","PROFILE_ONLY","False","AGE_AMBIGUOUS_REVIEW","3","0.0005","V3_TIER2_ADJUDICATION"
"fandom_character::東方: 天子","東方: 天子","東方: 天子","FANDOM_CHARACTER","","CORE","PROFILE_ONLY","False","AGE_AMBIGUOUS_REVIEW","3","0.0005","V3_TIER2_ADJUDICATION"
"fandom_ip::鋼彈創鬥者TRY","鋼彈創鬥者TRY","鋼彈創鬥者try","FANDOM_IP","","CORE","PROFILE_ONLY","False","AGE_AMBIGUOUS_REVIEW","3","0.0005","V3_TIER2_ADJUDICATION"
"fandom_character::物語系列: 阿良良木曆","物語系列: 阿良良木曆","物語系列: 阿良良木曆","FANDOM_CHARACTER","","CORE","PROFILE_ONLY","False","AGE_AMBIGUOUS_REVIEW","4","0.0006666666666666666","V3_TIER2_ADJUDICATION"
"fandom_character::艦隊Collection: 高雄","艦隊Collection: 高雄","艦娘: 高雄","FANDOM_CHARACTER","","CORE","PROFILE_ONLY","False","AGE_AMBIGUOUS_REVIEW","3","0.0005","V3_TIER2_ADJUDICATION"
"fandom_ip::我的朋友很少","我的朋友很少","我的朋友很少","FANDOM_IP","","CORE","PROFILE_ONLY","False","AGE_AMBIGUOUS_REVIEW","4","0.0006666666666666666","V3_TIER2_ADJUDICATION"
"fandom_character::我的朋友很少: 羽瀨川小鷹","我的朋友很少: 羽瀨川小鷹","友少: 羽瀨川小鷹","FANDOM_CHARACTER","","CORE","PROFILE_ONLY","False","AGE_AMBIGUOUS_REVIEW","3","0.0005","V3_TIER2_ADJUDICATION"
"fandom_character::To LOVEる: 結城梨斗","To LOVEる: 結城梨斗","to love: 結城梨斗","FANDOM_CHARACTER","","CORE","PROFILE_ONLY","False","AGE_AMBIGUOUS_REVIEW","4","0.0006666666666666666","V3_TIER2_ADJUDICATION"
"fandom_character::我的朋友很少: 柏崎星奈","我的朋友很少: 柏崎星奈","友少: 柏崎星奈","FANDOM_CHARACTER","","CORE","PROFILE_ONLY","False","AGE_AMBIGUOUS_REVIEW","3","0.0005","V3_TIER2_ADJUDICATION"
"fandom_ip::幸運☆星","幸運☆星","幸運☆星","FANDOM_IP","","CORE","PROFILE_ONLY","False","AGE_AMBIGUOUS_REVIEW","4","0.0006666666666666666","V3_TIER2_ADJUDICATION"
"fandom_character::幸運☆星: 柊鏡","幸運☆星: 柊鏡","幸運☆星: 柊鏡","FANDOM_CHARACTER","","CORE","PROFILE_ONLY","False","AGE_AMBIGUOUS_REVIEW","4","0.0006666666666666666","V3_TIER2_ADJUDICATION"
"fandom_character::幸運☆星: 泉此方","幸運☆星: 泉此方","幸運☆星: 泉此方","FANDOM_CHARACTER","","CORE","PROFILE_ONLY","False","AGE_AMBIGUOUS_REVIEW","4","0.0006666666666666666","V3_TIER2_ADJUDICATION"
"fandom_character::魔法少女小圓: 美樹沙耶香","魔法少女小圓: 美樹沙耶香","魔法少女小圓: 美樹沙耶香","FANDOM_CHARACTER","","CORE","PROFILE_ONLY","False","AGE_AMBIGUOUS_REVIEW","3","0.0005","V3_TIER2_ADJUDICATION"
"fandom_character::少女與戰車: 西住美穗","少女與戰車: 西住美穗","少女與戰車: 西住美穗","FANDOM_CHARACTER","","CORE","PROFILE_ONLY","False","AGE_AMBIGUOUS_REVIEW","3","0.0005","V3_TIER2_ADJUDICATION"
"fandom_ip::To Heart 2","To Heart 2","to heart 2","FANDOM_IP","","CORE","PROFILE_ONLY","False","AGE_AMBIGUOUS_REVIEW","3","0.0005","V3_TIER2_ADJUDICATION"
"fandom_character::JOJO的奇妙冒險: 迪奧","JOJO的奇妙冒險: 迪奧","jojo: 迪奧","FANDOM_CHARACTER","","CORE","PROFILE_ONLY","False","AGE_AMBIGUOUS_REVIEW","3","0.0005","V3_TIER2_ADJUDICATION"
"fandom_character::JOJO的奇妙冒險: 喬納森","JOJO的奇妙冒險: 喬納森","jojo: 喬納森","FANDOM_CHARACTER","","CORE","PROFILE_ONLY","False","AGE_AMBIGUOUS_REVIEW","3","0.0005","V3_TIER2_ADJUDICATION"
"fandom_character::物語系列: 戰場原黑儀","物語系列: 戰場原黑儀","物語系列: 戰場原","FANDOM_CHARACTER","","CORE","PROFILE_ONLY","False","AGE_AMBIGUOUS_REVIEW","3","0.0005","V3_TIER2_ADJUDICATION"
"fandom_character::銀魂: 土方十四郎","銀魂: 土方十四郎","銀魂: 土方","FANDOM_CHARACTER","","CORE","PROFILE_ONLY","False","AGE_AMBIGUOUS_REVIEW","4","0.0006666666666666666","V3_TIER2_ADJUDICATION"
