"raw_tag","normalized_tag","provider_comic_count","context","review_notes"
"原神: 夜蘭","原神: 夜蘭","2","OPEN_WORLD",""
" 原神: 菈烏瑪","原神: 菈烏瑪","1","OPEN_WORLD",""
"DoA: 霞","doa: 霞","2","OPEN_WORLD",""
"士兵 / 戰士 / 傭兵","士兵 / 戰士 / 傭兵","2","OPEN_WORLD",""
"TO LOVE: 小闇","to love: 小闇","2","OPEN_WORLD",""
"寄生","寄生","2","OPEN_WORLD",""
"寄生蟲","寄生蟲","2","OPEN_WORLD",""
"歌之☆王子殿下♪","歌之☆王子殿下♪","1","OPEN_WORLD",""
"死神","死神","2","OPEN_WORLD",""
"原神: 瓦雷莎","原神: 瓦雷莎","1","OPEN_WORLD",""
"無職轉生","無職轉生","2","OPEN_WORLD",""
" 拍打","拍打","1","OPEN_WORLD",""
"主播","主播","2","OPEN_WORLD",""
"眼交","眼交","1","OPEN_WORLD",""
"眼球拷問","眼球拷問","1","OPEN_WORLD",""
"碧藍航線: 高雄","碧藍航線: 高雄","2","OPEN_WORLD",""
"C62","c62","1","OPEN_WORLD",""
"原神: 流浪者","原神: 流浪者","2","OPEN_WORLD",""
"東方: 森近霖之助","東方: 森近霖之助","2","OPEN_WORLD",""
"屍姦","屍姦","1","OPEN_WORLD",""
"格鬥","格鬥","2","OPEN_WORLD",""
"仿生人","仿生人","2","OPEN_WORLD",""
" 變身","變身","1","OPEN_WORLD",""
"純獵奇","純獵奇","2","OPEN_WORLD",""
" 原神: 菲林斯","原神: 菲林斯","1","OPEN_WORLD",""
"鬼滅之刃:煉獄杏壽郎","鬼滅之刃:煉獄杏壽郎","1","OPEN_WORLD",""
"鬼滅之刃:竈門炭治郎","鬼滅之刃:竈門炭治郎","1","OPEN_WORLD",""
"♥️拷問♥️","♥️拷問♥️","1","OPEN_WORLD",""
"刑具拷問","刑具拷問","2","OPEN_WORLD",""
"子宮拷問","子宮拷問","1","OPEN_WORLD",""
"腳趾拷問","腳趾拷問","1","OPEN_WORLD",""
"腳鎖","腳鎖","1","OPEN_WORLD",""
"東方: 克勞恩皮絲","東方: 克勞恩皮絲","2","OPEN_WORLD",""
"東方: 純狐","東方: 純狐","1","OPEN_WORLD",""
"原神: 那維萊特","原神: 那維萊特","1","OPEN_WORLD",""
"原神: 萊歐斯利","原神: 萊歐斯利","1","OPEN_WORLD",""
"侄女","侄女","1","OPEN_WORLD",""
"五等分的花嫁：一花","五等分的花嫁:一花","1","OPEN_WORLD",""
"勵志","勵志","2","OPEN_WORLD",""
"C66","c66","1","OPEN_WORLD",""
"妖怪","妖怪","1","OPEN_WORLD",""
"雙潔","雙潔","2","OPEN_WORLD",""
"超砲: 白井黑子","超砲: 白井黑子","1","OPEN_WORLD",""
"原神: 鹿野院平藏","原神: 鹿野院平藏","2","OPEN_WORLD",""
" 無插入/無正戲","無插入/無正戲","1","OPEN_WORLD",""
"原神: 娜維婭","原神: 娜維婭","2","OPEN_WORLD",""
"人妖","人妖","4","OPEN_WORLD",""
"惡役","惡役","1","OPEN_WORLD",""
"SAO: 詩乃","sao: 詩乃","2","OPEN_WORLD",""
"SAO: 莉法","sao: 莉法","2","OPEN_WORLD",""
"TO LOVE: 菈菈","to love: 菈菈","1","OPEN_WORLD",""
"TO LOVE: 娜娜","to love: 娜娜","2","OPEN_WORLD",""
"原神:阿貝多","原神:阿貝多","1","OPEN_WORLD",""
"原神: 柯萊","原神: 柯萊","2","OPEN_WORLD",""
"原神:砂糖","原神:砂糖","2","OPEN_WORLD",""
"PUA","pua","2","OPEN_WORLD",""
"虐心","虐心","2","OPEN_WORLD",""
"噁心","噁心","1","OPEN_WORLD",""
"媽祖","媽祖","1","OPEN_WORLD",""
"高達","高達","1","OPEN_WORLD",""
"斷肢","斷肢","2","OPEN_WORLD",""
"女體盛","女體盛","2","OPEN_WORLD",""
"艦娘: 五十鈴","艦娘: 五十鈴","1","OPEN_WORLD",""
"獸娘動物園","獸娘動物園","2","OPEN_WORLD",""
"偶像大師灰姑娘: 速水奏","偶像大師灰姑娘: 速水奏","2","OPEN_WORLD",""
"羞恥play","羞恥play","1","OPEN_WORLD",""
"實況","實況","2","OPEN_WORLD",""
"克蘇魯","克蘇魯","2","OPEN_WORLD",""
"怪癖","怪癖","1","OPEN_WORLD",""
"我妹: 高坂桐乃","我妹: 高坂桐乃","2","OPEN_WORLD",""
"我妹: 新恒綾瀨","我妹: 新恒綾瀨","2","OPEN_WORLD",""
"地雷女","地雷女","1","OPEN_WORLD",""
"碧藍航線: 愛宕","碧藍航線: 愛宕","2","OPEN_WORLD",""
"原神:雷澤","原神:雷澤","2","OPEN_WORLD",""
"原神:重雲","原神:重雲","1","OPEN_WORLD",""
"原神:楓原萬葉","原神:楓原萬葉","1","OPEN_WORLD",""
"原神:五郎","原神:五郎","2","OPEN_WORLD",""
"原神: 提納裡","原神: 提納裡","2","OPEN_WORLD",""
"原神:溫迪","原神:溫迪","2","OPEN_WORLD",""
"薩爾達傳說 : 希多","薩爾達傳說 : 希多","1","OPEN_WORLD",""
"薩爾達傳說 : 林克","薩爾達傳說 : 林克","2","OPEN_WORLD",""
"機器人","機器人","1","OPEN_WORLD",""
"原神: 恰斯卡","原神: 恰斯卡","1","OPEN_WORLD",""
"銀魂: 妙","銀魂: 妙","2","OPEN_WORLD",""
"戰爭","戰爭","1","OPEN_WORLD",""
"絕望","絕望","1","OPEN_WORLD",""
"原神:艾梅莉埃","原神:艾梅莉埃","1","OPEN_WORLD",""
"原神: 瑪薇卡","原神: 瑪薇卡","1","OPEN_WORLD",""
"原神: 多莉","原神: 多莉","1","OPEN_WORLD",""
"原神:早柚","原神:早柚","1","OPEN_WORLD",""
"原神:迪奧娜","原神:迪奧娜","2","OPEN_WORLD",""
"英雄傳說閃之軌跡","英雄傳說閃之軌跡","1","OPEN_WORLD",""
"艦娘: 金剛","艦娘: 金剛","2","OPEN_WORLD",""
"女帝","女帝","1","OPEN_WORLD",""
"原神: 千織","原神: 千織","1","OPEN_WORLD",""
"原神:派蒙","原神:派蒙","1","OPEN_WORLD",""
"東方: 琪露諾","東方: 琪露諾","2","OPEN_WORLD",""
"我英: 蘆戶三奈","我英: 蘆戶三奈","1","OPEN_WORLD",""
"附身","附身","1","OPEN_WORLD",""
"原神: 夏洛蒂","原神: 夏洛蒂","1","OPEN_WORLD",""
"原神: 迪希雅","原神: 迪希雅","1","OPEN_WORLD",""
"在地下城尋求邂逅是否搞錯了什麼","在地下城尋求邂逅是否搞錯了什麼","1","OPEN_WORLD",""
"地下城: 赫斯緹雅","地下城: 赫斯緹雅","1","OPEN_WORLD",""
"死亡","死亡","1","OPEN_WORLD",""
"嘔吐","嘔吐","2","OPEN_WORLD",""
"排球少年！！: 黑尾鐵朗","排球少年!!: 黑尾鐵朗","1","OPEN_WORLD",""
"原神: 琺露珊","原神: 琺露珊","2","OPEN_WORLD",""
"原神: 綺良良","原神: 綺良良","1","OPEN_WORLD",""
"原神:雲堇","原神:雲堇","1","OPEN_WORLD",""
"群像","群像","1","OPEN_WORLD",""
"肛脫","肛脫","2","OPEN_WORLD",""
"熱血","熱血","2","OPEN_WORLD",""
"呪文まみれ (H・O)","呪文まみれ (h・o)","1","OPEN_WORLD",""
"空之境界: 兩儀式","空之境界: 兩儀式","1","OPEN_WORLD",""
"天降之物: 伊卡洛斯","天降之物: 伊卡洛斯","1","OPEN_WORLD",""
"鬥智","鬥智","1","OPEN_WORLD",""
"原神: 卡維","原神: 卡維","1","OPEN_WORLD",""
"東方: 八坂神奈子","東方: 八坂神奈子","2","OPEN_WORLD",""
"妖精的尾巴","妖精的尾巴","1","OPEN_WORLD",""
"Nomoe36","nomoe36","1","OPEN_WORLD",""
"C60","c60","1","OPEN_WORLD",""
"英雄聯盟: 拉克絲","英雄聯盟: 拉克絲","2","OPEN_WORLD",""
"英雄聯盟: 菲歐拉","英雄聯盟: 菲歐拉","1","OPEN_WORLD",""
"東方: 鈴瑚","東方: 鈴瑚","2","OPEN_WORLD",""
"艦娘: 歐根親王","艦娘: 歐根親王","1","OPEN_WORLD",""
"東方: 赤蠻奇","東方: 赤蠻奇","2","OPEN_WORLD",""
"雙性","雙性","1","OPEN_WORLD",""
"第五人格","第五人格","1","OPEN_WORLD",""
"C65","c65","1","OPEN_WORLD",""
"五等分的花嫁：五月","五等分的花嫁:五月","1","OPEN_WORLD",""
"鳴人","鳴人","1","OPEN_WORLD",""
"艦娘: 龍田","艦娘: 龍田","2","OPEN_WORLD",""
"IDOLiSH7","idolish7","1","OPEN_WORLD",""
"C63","c63","1","OPEN_WORLD",""
"近親相交: 女","近親相交: 女","1","OPEN_WORLD",""
"抖S","抖s","1","OPEN_WORLD",""
"碧藍航線: 山城","碧藍航線: 山城","1","OPEN_WORLD",""
"COMIC1☆4","comic1☆4","2","OPEN_WORLD",""
"七大罪","七大罪","1","OPEN_WORLD",""
"七大罪: 伊麗莎白","七大罪: 伊麗莎白","1","OPEN_WORLD",""
"原神:荒瀧一鬥","原神:荒瀧一鬥","1","OPEN_WORLD",""
"超級瑪利歐: 碧奇","超級瑪利歐: 碧奇","2","OPEN_WORLD",""
"偽戀","偽戀","1","OPEN_WORLD",""
"偽戀: 千棘","偽戀: 千棘","1","OPEN_WORLD",""
"偽戀: 誠士郎","偽戀: 誠士郎","1","OPEN_WORLD",""
"JOJO: 喬魯諾","jojo: 喬魯諾","1","OPEN_WORLD",""
"JOJO：米斯達","jojo:米斯達","1","OPEN_WORLD",""
"單人作品","單人作品","5","OPEN_WORLD",""
"零之使魔","零之使魔","1","OPEN_WORLD",""
"RE: 菜月昂","re: 菜月昂","2","OPEN_WORLD",""
"東方: 姬海棠羽立","東方: 姬海棠羽立","2","OPEN_WORLD",""
"EVA: 渚薰","eva: 渚薰","1","OPEN_WORLD",""
"艦娘: 武藏","艦娘: 武藏","1","OPEN_WORLD",""
"艦娘: 夕立","艦娘: 夕立","2","OPEN_WORLD",""
"SAO: 里香","sao: 里香","1","OPEN_WORLD",""
"艦娘: 飛龍","艦娘: 飛龍","1","OPEN_WORLD",""
"OVERLORD: 雅兒貝德","overlord: 雅兒貝德","1","OPEN_WORLD",""
"英語 ENG","英語 eng","1","OPEN_WORLD",""
"魷魚娘","魷魚娘","2","OPEN_WORLD",""
"C72","c72","2","OPEN_WORLD",""
"C71","c71","2","OPEN_WORLD",""
"C69","c69","2","OPEN_WORLD",""
"C68","c68","2","OPEN_WORLD",""
"魔物獵人","魔物獵人","1","OPEN_WORLD",""
"C73","c73","2","OPEN_WORLD",""
"艦娘: 叢雲","艦娘: 叢雲","2","OPEN_WORLD",""
"細胞","細胞","1","OPEN_WORLD",""
"冰菓","冰菓","1","OPEN_WORLD",""
"冰菓: 折木奉太郎","冰菓: 折木奉太郎","1","OPEN_WORLD",""
"冰菓: 福部里志","冰菓: 福部里志","1","OPEN_WORLD",""
"冰菓: 伊原摩耶花","冰菓: 伊原摩耶花","1","OPEN_WORLD",""
"艦娘: 大和","艦娘: 大和","2","OPEN_WORLD",""
"鬼滅之刃:竈門禰豆子","鬼滅之刃:竈門禰豆子","1","OPEN_WORLD",""
"偶像大師灰姑娘: 佐久間麻由","偶像大師灰姑娘: 佐久間麻由","2","OPEN_WORLD",""
"海賊王: 羅賓","海賊王: 羅賓","1","OPEN_WORLD",""
"LLSunShine: 津島善子","llsunshine: 津島善子","2","OPEN_WORLD",""
"友少: 三日月夜空","友少: 三日月夜空","2","OPEN_WORLD",""
"鬼滅之刃:童磨","鬼滅之刃:童磨","1","OPEN_WORLD",""
"鬼滅之刃:鬼舞辻無慘","鬼滅之刃:鬼舞辻無慘","1","OPEN_WORLD",""
"艦娘: 赤城","艦娘: 赤城","2","OPEN_WORLD",""
"監獄","監獄","1","OPEN_WORLD",""
"東方: 堀川雷鼓","東方: 堀川雷鼓","1","OPEN_WORLD",""
"薔薇少女","薔薇少女","1","OPEN_WORLD",""
"幸運☆星: 高良美幸","幸運☆星: 高良美幸","2","OPEN_WORLD",""
"偶像大師灰姑娘: 白坂小梅","偶像大師灰姑娘: 白坂小梅","1","OPEN_WORLD",""
"艦娘: 古鷹","艦娘: 古鷹","1","OPEN_WORLD",""
"魔法少女小圓: 鹿目圓","魔法少女小圓: 鹿目圓","2","OPEN_WORLD",""
"東方: 伊吹萃香","東方: 伊吹萃香","1","OPEN_WORLD",""
"艦娘: 神通","艦娘: 神通","1","OPEN_WORLD",""
"普羅米亞","普羅米亞","1","OPEN_WORLD",""
"普羅米亞: 里歐·弗提亞","普羅米亞: 里歐·弗提亞","1","OPEN_WORLD",""
"普羅米亞: 加洛·提莫斯","普羅米亞: 加洛·提莫斯","1","OPEN_WORLD",""
"艦娘: 俾斯麥","艦娘: 俾斯麥","1","OPEN_WORLD",""
"碧藍航線: 企業","碧藍航線: 企業","1","OPEN_WORLD",""
"東方: 洩矢諏訪子","東方: 洩矢諏訪子","2","OPEN_WORLD",""
"艦娘: 朝潮","艦娘: 朝潮","2","OPEN_WORLD",""
"幸運☆星: 柊司","幸運☆星: 柊司","1","OPEN_WORLD",""
"少女與戰車: 角谷杏","少女與戰車: 角谷杏","1","OPEN_WORLD",""
"東方: 茨木華扇","東方: 茨木華扇","2","OPEN_WORLD",""
"TO LOVE: 涅梅西斯","to love: 涅梅西斯","1","OPEN_WORLD",""
"食糞","食糞","1","OPEN_WORLD",""
"失憶","失憶","1","OPEN_WORLD",""
"情色漫畫老師: 山田妖精","情色漫畫老師: 山田妖精","1","OPEN_WORLD",""
"近親相交: 伯父","近親相交: 伯父","1","OPEN_WORLD",""
"JOJO：普羅修特","jojo:普羅修特","1","OPEN_WORLD",""
"JOJO：里蘇特","jojo:里蘇特","1","OPEN_WORLD",""
"JOJO: 岸邊露伴","jojo: 岸邊露伴","1","OPEN_WORLD",""
"JOJO: 東方仗助","jojo: 東方仗助","1","OPEN_WORLD",""
"境界線上的地平線","境界線上的地平線","1","OPEN_WORLD",""
"艦娘: 伊19","艦娘: 伊19","1","OPEN_WORLD",""
"艦娘: 天龍","艦娘: 天龍","2","OPEN_WORLD",""
"性虐殺","性虐殺","1","OPEN_WORLD",""
"COMIC1☆14","comic1☆14","1","OPEN_WORLD",""
"流汗吧！健身少女","流汗吧!健身少女","1","OPEN_WORLD",""
"鏡音鈴","鏡音鈴","1","OPEN_WORLD",""
"鏡音連","鏡音連","2","OPEN_WORLD",""
"JOJO: 特里休","jojo: 特里休","1","OPEN_WORLD",""
"JOJO: 史比特瓦根","jojo: 史比特瓦根","1","OPEN_WORLD",""
"碧藍航線: 如月","碧藍航線: 如月","1","OPEN_WORLD",""
"英雄聯盟: 索娜","英雄聯盟: 索娜","1","OPEN_WORLD",""
"英雄聯盟: 伊澤瑞爾","英雄聯盟: 伊澤瑞爾","1","OPEN_WORLD",""
"魔法少女小圓: 丘比","魔法少女小圓: 丘比","1","OPEN_WORLD",""
"東方: 小野塚小町","東方: 小野塚小町","1","OPEN_WORLD",""
"C64","c64","1","OPEN_WORLD",""
"中二病: 丹生谷森夏","中二病: 丹生谷森夏","1","OPEN_WORLD",""
"中二病也想談戀愛","中二病也想談戀愛","2","OPEN_WORLD",""
"DoA: 綾音","doa: 綾音","1","OPEN_WORLD",""
"戰國無雙","戰國無雙","1","OPEN_WORLD",""
"物語系列: 神原駿河","物語系列: 神原駿河","2","OPEN_WORLD",""
"COMIC1☆7","comic1☆7","2","OPEN_WORLD",""
"物語系列: 羽川翼","物語系列: 羽川翼","1","OPEN_WORLD",""
"艦娘: 401","艦娘: 401","1","OPEN_WORLD",""
"少女與戰車: 秋山優花里","少女與戰車: 秋山優花里","1","OPEN_WORLD",""
"COMIC1☆8","comic1☆8","2","OPEN_WORLD",""
"友少: 羽瀨川小鳩","友少: 羽瀨川小鳩","1","OPEN_WORLD",""
"劣等生: 深雪","劣等生: 深雪","1","OPEN_WORLD",""
"魔法科高中的劣等生","魔法科高中的劣等生","1","OPEN_WORLD",""
"英雄聯盟: 安妮","英雄聯盟: 安妮","1","OPEN_WORLD",""
"怪物獵人","怪物獵人","1","OPEN_WORLD",""
"中二病: 小鳥遊六花","中二病: 小鳥遊六花","1","OPEN_WORLD",""
"中二病: 富樫勇太","中二病: 富樫勇太","1","OPEN_WORLD",""
"本子娜","本子娜","1","OPEN_WORLD",""
"艦娘: 瑞鳳","艦娘: 瑞鳳","1","OPEN_WORLD",""
"LOVELIVE: 全員","lovelive: 全員","1","OPEN_WORLD",""
"我妹: 五更瑠璃","我妹: 五更瑠璃","1","OPEN_WORLD",""
"艦娘: 大鯨","艦娘: 大鯨","1","OPEN_WORLD",""
"艦娘: 神風","艦娘: 神風","1","OPEN_WORLD",""
"艦娘: 神威","艦娘: 神威","1","OPEN_WORLD",""
"房東妹子青春期","房東妹子青春期","1","OPEN_WORLD",""
"房東妹子青春期: 里中千惠","房東妹子青春期: 里中千惠","1","OPEN_WORLD",""
"排球少年！！: 影山飛雄","排球少年!!: 影山飛雄","2","OPEN_WORLD",""
"排球少年！！: 日向翔陽","排球少年!!: 日向翔陽","2","OPEN_WORLD",""
"FATE: 金閃閃","fate: 金閃閃","2","OPEN_WORLD",""
"銀魂: 沖田","銀魂: 沖田","1","OPEN_WORLD",""
"艦娘: 磯風","艦娘: 磯風","1","OPEN_WORLD",""
"艦娘: 羽黑","艦娘: 羽黑","1","OPEN_WORLD",""
"你的名字","你的名字","2","OPEN_WORLD",""
"你的名字: 三葉","你的名字: 三葉","2","OPEN_WORLD",""
"暗殺教室: 殺老師","暗殺教室: 殺老師","1","OPEN_WORLD",""
"暗殺教室: 渚","暗殺教室: 渚","1","OPEN_WORLD",""
"一拳: 傑諾斯","一拳: 傑諾斯","1","OPEN_WORLD",""
"銀魂: 九兵衛","銀魂: 九兵衛","2","OPEN_WORLD",""
"銀魂: 月詠","銀魂: 月詠","2","OPEN_WORLD",""
"偶像大師灰姑娘: 神谷奈緒","偶像大師灰姑娘: 神谷奈緒","1","OPEN_WORLD",""
"OVERLORD","overlord","1","OPEN_WORLD",""
"OVERLORD: 娜貝拉爾","overlord: 娜貝拉爾","1","OPEN_WORLD",""
"Sunshine Creation","sunshine creation","1","OPEN_WORLD",""
"排球少年！！: 及川徹","排球少年!!: 及川徹","1","OPEN_WORLD",""
"排球少年！！: 清水潔子","排球少年!!: 清水潔子","1","OPEN_WORLD",""
"哈利波特","哈利波特","1","OPEN_WORLD",""
